Agent,Year,Delta_DPI,Delta_Consumption,MPC
0,2003,6024.454891270521,12061.156885352655,2.002032898084997
0,2004,3867.3003659017413,16682.74347896935,4.313795645681487
0,2005,3720.406785296247,450.5970773790614,0.12111500257442451
0,2006,3346.8475112740853,-11678.334214183458,-3.489353540860224
0,2007,1916.8791531226016,30511.954189721146,15.917515791236545
0,2013,2161.37198050844,349.59510544029763,0.16174684810990242
0,2017,2738.5826436307834,-790.6129343223147,-0.28869420324453987
1,2003,6189.577015438583,13204.720425358915,2.1333800989021623
1,2004,4066.749877513299,-7941.522684154581,-1.9527934894807435
1,2005,3749.482123052032,19658.48442523193,5.242986572564365
1,2006,3450.772301498102,9721.98790216248,2.8173368315092313
1,2007,1870.7013179218047,300.96655192370235,0.16088434270097773
1,2013,2161.7319593676657,801.7045390899293,0.37086213932112017
1,2017,2736.726026023214,50.62017996098439,0.018496619493381106
2,2003,6118.060340950731,2913.4916247934307,0.4762116524566153
2,2004,4203.069007949918,6126.852267296694,1.4577091776766038
2,2005,3869.005685745986,6086.20958014566,1.5730681406254314
2,2006,3409.9022200204636,2781.0687269521586,0.815586063032467
2,2007,2078.512313680665,1014.0463484495122,0.48787122490211354
2,2013,2175.4617586725944,346.7128169875941,0.15937435609033576
2,2017,2740.6259157941095,1349.870873338412,0.49254108908449123
3,2003,6260.406860714225,-10110.533833448688,-1.614996286726198
3,2004,4127.429591459208,15452.894750396066,3.7439511463435684
3,2005,3927.982170258052,13097.35288275071,3.3343717753918085
3,2006,3700.75004532421,10003.295100146614,2.7030453226057474
3,2007,1867.0975893201976,-5680.01506231325,-3.0421629243179087
3,2013,2301.6087099090073,-628.3911006912822,-0.27302255938896114
3,2017,2771.3481809728546,2103.9113780512416,0.759165301745912
4,2003,6217.959915550149,-10253.00676772253,-1.6489342014060524
4,2004,4250.268631180559,21356.797622033162,5.024811247307226
4,2005,4073.5442874600412,-42129.57537531068,-10.342240663738933
4,2006,3721.2218306127033,101307.18216628092,27.224171731143635
4,2007,2061.2466769574676,-58228.95907178878,-28.249388936669366
4,2013,2383.199083084095,1996.8751366142678,0.837896905377336
4,2017,3199.2088166916074,663.0359797840356,0.2072499851602997
5,2003,6770.82810813094,-12094.228069713456,-1.7862258318431923
5,2004,4655.574557736225,25853.597684528897,5.5532560726726325
5,2005,4133.810574150222,-226.2586959931068,-0.05473368746211074
5,2006,3848.1208912572474,-5751.6256687688,-1.4946582582257817
5,2007,2086.8493223430414,25355.335330571397,12.150055616906405
5,2013,2241.989238633876,851.4442208037653,0.37977176969974247
5,2017,2800.8685856984666,1368.25610883646,0.4885113553070364
6,2003,6718.263767177297,4553.71080941183,0.6778106616860458
6,2004,4393.226382158231,5611.63956858193,1.2773390397936055
6,2005,4100.164376506204,4205.7100503396505,1.0257418152399498
6,2006,3809.9468967482244,4006.2687585383537,1.05152876591474
6,2007,2112.375486966077,-14060.207368465897,-6.656111782787267
6,2013,2075.288182334596,-1364.9659248590906,-0.6577235568910588
6,2017,2987.4660110596014,917.4308753619116,0.3070933265736185
7,2003,7050.73138593389,-13852.496638622397,-1.9646893180837852
7,2004,4657.2726711305295,9495.699679063735,2.038897086255141
7,2005,4511.449482857293,25047.251702731053,5.5519299945408145
7,2006,3825.005460334083,-1596.0805727749248,-0.4172753710619592
7,2007,2188.869330373709,11083.477813185484,5.063563027443572
7,2013,2054.7946199224098,2878.936580753012,1.4010824015403167
7,2017,3288.767759021328,-5775.242007063382,-1.7560504207758285
8,2003,6578.209808122498,5104.52027390158,0.7759740754389944
8,2004,4753.580275943532,17090.600187838165,3.595311154063949
8,2005,4721.664668075362,17018.76118320173,3.604398528822016
8,2006,4052.2632674694905,-1316.236566168809,-0.32481516606663047
8,2007,2161.0394677647564,-4091.219108579564,-1.8931718599342677
8,2013,2601.966115418676,-3248.3996256539685,-1.2484404029724563
8,2017,2589.2834709104645,-2121.880605618673,-0.8194856335573643
9,2003,7265.347396473488,-14005.650916440238,-1.9277331354091083
9,2004,4599.318263413079,18587.394149470798,4.041336799266723
9,2005,4396.03442196369,11418.001748127208,2.5973412972109613
9,2006,3912.084373641468,13723.708823335226,3.5080298665851237
9,2007,2573.785216479533,-3948.4625995755487,-1.5341072651650096
9,2013,2344.158895603963,716.8610778476577,0.30580737474409186
9,2017,2818.097935757498,4513.349388064977,1.6015587431498541
10,2003,6787.4246289894945,-7066.067013189866,-1.0410527408304873
10,2004,5478.33766586789,-12553.074523784016,-2.2914021167396097
10,2005,4448.060702325529,59406.71860746831,13.355644759166477
10,2006,3341.740994674532,2639.682440876204,0.7899123376356387
10,2007,2172.0891619358445,-5619.394676322423,-2.587092083878461
10,2013,2311.210628847548,719.1452409329067,0.3111552153476805
10,2017,3152.7134215457336,-1770.9460914381634,-0.5617212396583423
11,2003,8113.246904984393,13285.122220250458,1.6374606092769974
11,2004,4804.063395800476,-47827.380541652485,-9.955609783056007
11,2005,4690.83061539341,153746.6886709599,32.77600520607702
11,2006,4244.448711027406,-66670.74464071605,-15.707751272267775
11,2007,2630.8244721537194,7323.5561019902525,2.783749421334384
11,2013,2355.225527845527,730.3688212683192,0.3101056831429785
11,2017,3650.698730509277,-7093.031519139608,-1.942924366741739
12,2002,1034.5863052711356,7855.414213092212,7.592807069907552
12,2003,6663.966963901155,-8433.087047471767,-1.2654755182842248
12,2004,4960.355667786644,-67436.12027163371,-13.595017129431836
12,2005,4543.299520156841,189720.40855544855,41.75828771881171
12,2006,4625.392125799641,-83610.88199198846,-18.07649594195946
12,2007,1600.8254586172116,8998.909038963626,5.621417994399501
12,2013,2430.813189033812,-133.7307378394762,-0.05501481497746475
12,2017,2897.6219943817414,-610.221662272088,-0.21059395029967998
13,2002,1194.4236384311807,9343.955500417476,7.822982733906977
13,2003,7831.703757492418,-9166.112565107847,-1.1703855060067652
13,2004,4458.867192569844,36152.3767949381,8.107973445627985
13,2005,4534.339209793456,1014.3747921494942,0.22370950765187683
13,2006,4607.272599369797,26.199575057224138,0.005686569329717506
13,2007,1871.8370241404627,6846.566586671004,3.6576723819291423
13,2013,2351.1980469427654,30.98589086078573,0.013178766842323773
13,2017,3317.4643862378434,-15335.608949277972,-4.6226898509886505
14,2003,8108.058468976204,-26259.254725753097,-3.238661243777245
14,2004,4700.130990599602,44021.426473524,9.365999918208264
14,2005,5059.630091598985,-11884.809271808641,-2.3489482544469387
14,2006,4203.429695790677,21142.91520122478,5.029920025163579
14,2007,1898.5017652157112,3093.214345955421,1.6292923202017482
14,2013,2327.2843255334446,-125.85066182720766,-0.05407618675829865
14,2017,2857.09264116369,-42819.695434622816,-14.98715681028194
15,2003,7838.694376898493,35901.92682046785,4.580090139280699
15,2004,6026.747124961956,-1972.5321000792173,-0.3272963107924773
15,2005,4546.5136132156185,13466.438859830305,2.9619264353870216
15,2006,4250.467543658757,1683.32541975817,0.39603300165637345
15,2007,2421.164500066996,6977.570635739277,2.881906882223906
15,2012,1472.8454488972202,1133.5114663346612,0.7696065240133428
15,2013,1939.736008137028,-12769.358443369681,-6.583039336179411
15,2017,3458.0983300340595,-1446.614052842444,-0.4183264658145785
16,2002,1257.9410280686425,-37004.22360244559,-29.416501073392425
16,2003,7638.564691408566,69776.93085607834,9.134822270283259
16,2004,5408.636258871615,14962.8094166839,2.766466203405873
16,2005,5514.986462291185,-15663.087375785879,-2.8400953443643986
16,2006,3649.963539494769,12367.564943146092,3.388407804440156
16,2007,2408.529307540113,-1270.8669076710357,-0.5276526649239746
16,2013,3015.0083137281035,-3401.4246657104522,-1.1281642741158942
16,2017,3612.481776803208,-15821.256905410453,-4.379608779483215
17,2002,1365.4169677849713,-39041.029192871894,-28.59275233425996
17,2003,8785.873956601921,65033.04017672039,7.402000130886576
17,2004,4730.092964381038,18246.07565237391,3.857445464554738
17,2005,5855.7888949763,-20578.636839345738,-3.5142381681484824
17,2006,4093.914316997121,37693.309080482315,9.207156320782573
17,2007,2472.848087842751,-13784.63892642426,-5.574397794265488
17,2013,2440.802931586615,-35.540568407290266,-0.014561015126357432
17,2017,2316.083428865386,7212.386797355561,3.1140444715710434
17,2018,1350.5327277065953,-3896.115584510044,-2.884873135304337
18,2002,1803.2056948083045,19998.93623338145,11.09076811977765
18,2003,7951.42066434474,6013.060942151424,0.7562247296404293
18,2004,6149.458866180037,-20782.607678950255,-3.3795831684065134
18,2005,5771.149721852911,21406.85797219613,3.7092882707820563
18,2006,4496.375894958561,13812.204993082749,3.071852824531265
18,2007,1836.102785570285,11163.513067313586,6.080004428426512
18,2013,2399.982802408398,17270.828065258334,7.196229926284033
18,2017,3771.6003241169674,55699.95854915562,14.768255849642943
19,2002,2895.3489887885517,6443.238828275746,2.22537554306076
19,2003,7861.034938435565,-8648.773032945333,-1.1002079370819509
19,2004,5312.382374434499,42240.783384742215,7.951382337992703
19,2005,4956.1648362541455,-53896.13472997247,-10.8745646100639
19,2006,4914.163807729579,112165.83810044471,22.825010009641314
19,2007,3452.9358439637,-50772.06051021299,-14.704026603613533
19,2013,2544.4069037455192,846.2974090831412,0.33261087597166195
19,2017,3643.319655446656,-6420.866976456688,-1.7623671771039031
20,2002,2230.3827723786235,-326.18690431797586,-0.14624705156331044
20,2003,8006.016195258329,25498.632999434238,3.184933976843083
20,2004,4637.405012207993,-5912.4198913381115,-1.274941454493113
20,2005,6054.4605414816615,4378.640983600257,0.7232091040317038
20,2006,3813.775101243198,-10682.97853105911,-2.8011558750742065
20,2007,2568.9423937883694,69152.49540946927,26.918663328799454
20,2012,1059.2909765107615,1175.5152880312235,1.1097189668350593
20,2013,2502.057248688914,890.2788007498893,0.3558187172641227
20,2017,3807.02204801928,-4026.466202744312,-1.0576419447949361
21,2002,1428.608031244221,13854.27759354659,9.697745841090121
21,2003,7916.0289878672775,-18335.71536000594,-2.316276934825363
21,2004,5424.7535676451225,40855.61550315945,7.5313311459592835
21,2005,5210.330657191502,-9129.467393657716,-1.7521858005416353
21,2006,4539.069021546486,30558.56106472292,6.7323411297921725
21,2007,3435.8051134997513,-24722.70449304901,-7.195607339866309
21,2013,2673.678807327815,224.83665023121284,0.08409261786232426
21,2017,3840.1241463116603,-5706.411150805448,-1.4859965285982508
22,2002,2473.9905799846747,8897.626755770922,3.596467515986273
22,2003,8119.595718765515,1031.6271138110023,0.12705399992105132
22,2004,5785.008918143867,14358.32096487678,2.4819876975200375
22,2005,5408.9698803861975,14165.042137893237,2.6188058819218014
22,2006,5006.525685836648,5877.73188172403,1.1740141268728541
22,2007,2696.0682064017165,4252.927926869161,1.5774556136119766
22,2013,2485.1887546015787,-10180.22259915428,-4.096357904527198
22,2017,4007.3194866723206,2462.773221733747,0.6145687235381461
23,2002,5596.125665574742,-5392.86466747988,-0.9636782641702907
23,2003,7320.646442197554,-1389.187207080875,-0.18976291479852708
23,2004,7128.576581290545,37052.68318932068,5.19776743179951
23,2005,6507.980669603916,-7685.712553521706,-1.1809673297615169
23,2006,3200.109516618948,37209.347952367185,11.627523295415354
23,2007,2849.0026486293355,-24072.88778208327,-8.449584205779807
23,2012,3098.2202986604243,-9483.299477980385,-3.0608861100292555
23,2017,2965.832206724095,-879.5524409608333,-0.29656176737400175
24,2002,3669.93362924752,-9961.58092433057,-2.714376315948004
24,2003,9881.676217609536,-5623.892767393976,-0.5691233595948001
24,2004,4077.826382645202,71874.0437119983,17.625577199138892
24,2005,5357.8574010787415,-17911.67296402427,-3.3430663832930616
24,2006,5368.278270702547,13196.605045929231,2.4582565173549003
24,2007,2871.667352647113,817.9754561249283,0.2848433873689847
24,2012,1031.2428102341655,30810.027951996643,29.876599037815907
24,2013,1443.879238198424,-10224.777567229612,-7.081463114593577
24,2017,1879.3377818014997,5555.883476198185,2.9562985057813367
25,2002,3367.800568362931,2622.21590282947,0.778613771689015
25,2003,9159.67576499957,-8114.210220879962,-0.8858621668558967
25,2004,4626.470577214146,-43582.5376417659,-9.420256092498347
25,2005,6442.175597524736,181725.1122300727,28.20865552002286
25,2006,3787.083178610541,-95339.60685335423,-25.174943975836776
25,2007,2816.306258719502,29849.279621236754,10.598733546403583
25,2012,1060.4308891317341,10721.878437705367,10.110869598003024
25,2013,2765.773632298078,-6145.8067805905885,-2.222093199827075
25,2017,4108.664205733396,-2325.0129565275565,-0.5658805003541394
25,2018,1948.6689881164639,3796.5410791384347,1.948273976899524
26,2002,2342.6212856789207,-12303.93331556757,-5.252207597866907
26,2003,8553.628897604096,26164.91214565179,3.0589253355357373
26,2004,7688.387732105766,-16244.440659560176,-2.1128539852023045
26,2005,6555.3611890003085,71384.5687573697,10.88949436945607
26,2006,3030.746119825635,-15248.037752945791,-5.031116810873964
26,2007,5450.523603252048,-16397.138850036863,-3.0083603051005103
26,2012,2117.4351579739014,1109.3002258666384,0.5238886403152427
26,2013,1510.1211161607935,-5237.023333012243,-3.4679492108066245
26,2017,4236.93228527336,-12358.680977993004,-2.916893673507374
27,2002,5551.741509509375,12366.34999671088,2.2274722220998604
27,2003,9986.090912779851,-15655.592236768178,-1.567739806647734
27,2004,5958.662902139273,-28871.275322701083,-4.845260723229661
27,2005,6058.247979856242,128379.78750701022,21.19090996833982
27,2006,7353.258240831521,-61083.47951245055,-8.306995009812562
27,2007,3222.5928997551964,34323.427992056386,10.650873088767668
27,2012,1079.566642027523,1122.929524186533,1.0401669340927122
27,2013,2736.2664568379987,1075.8032632178802,0.393164657093033
27,2017,2994.6200838353834,-6517.728749188769,-2.1764793418606665
28,2002,3660.6422734202497,23568.11488339251,6.438245838583977
28,2003,9414.3896892817,6565.509601564816,0.6973908897184977
28,2004,8157.844905310543,-8888.891607302125,-1.0896127237618467
28,2005,4324.806104720803,-2378.8075154745457,-0.5500379572804258
28,2006,5305.992508948286,15875.972000137714,2.992083379945165
28,2007,2867.623458277696,26432.74159080445,9.217647287165114
28,2012,2414.1681594161782,21369.624247559143,8.851754656861596
28,2013,1406.1772834977892,-5874.87180418655,-4.177902653620692
28,2014,2194.42654535998,4240.576493313187,1.9324303665026756
28,2017,4430.548441481835,-48764.164403097995,-11.006349450224814
28,2018,2183.55873999733,55964.847416063276,25.630108497164453
29,2002,3792.301741031435,-35981.25557423987,-9.487972748828167
29,2003,8858.04508496527,77841.32415104446,8.787641449597528
29,2004,8772.38740513468,-27027.655363869155,-3.080991994043634
29,2005,4861.238596667477,45238.16948879408,9.305893670762465
29,2006,5726.350685506914,-10176.274241530686,-1.7770958853928192
29,2007,3400.5771255899162,17224.754174096423,5.065244379983986
29,2013,2661.265033936681,-9057.882161655289,-3.4036001849302475
29,2017,3209.6094460795284,-1852.3498835249338,-0.5771262562139892
29,2018,2317.2293652158696,-412.91360983700724,-0.17819280906555438
30,2002,3025.7461127654824,13260.08830921058,4.3824193488233805
30,2003,10569.984709669894,31856.215954740837,3.013837468052092
30,2004,7667.8308922753495,-24912.246749493002,-3.2489301211102415
30,2005,5839.969918420014,23754.711654075712,4.067608564069877
30,2006,5458.1670329608605,18766.830179647397,3.4383026511130903
30,2007,2946.4634839844366,12746.836585482757,4.326147822556924
30,2012,2587.092851173453,20908.13460903993,8.081710171150768
30,2013,1390.740751419682,1443.665755333699,1.0380552621759236
30,2015,1697.0348740491318,-5545.307733098394,-3.26764512497452
30,2017,3115.434676742647,-980.054574486654,-0.3145803639546548
31,2002,2473.3020301582874,670.459780541205,0.2710788138148646
31,2003,9760.752254986117,-94561.59076968954,-9.687940877854404
31,2004,5405.516956866224,209786.24526022543,38.809654457516714
31,2005,6262.136525004869,-48317.04998739471,-7.715745224407598
31,2006,5491.651800821273,-15667.126514436124,-2.8528987420675715
31,2007,3202.3049870165996,1781.0947431501409,0.5561914778171965
31,2012,1047.0949168892403,-147977.6037410266,-141.32205338236724
31,2013,2822.9482814665826,337154.1388027577,119.43333890183736
31,2017,3081.803662109858,-444.2563149794005,-0.14415464568409742
32,2002,6293.793571027258,24373.810740395187,3.872674002623342
32,2003,12064.506485388963,-11000.503925671117,-0.9118072039659115
32,2004,6068.153749618708,37265.31850493855,6.141129582829063
32,2005,5831.020144500653,-35155.04971417913,-6.028970719186167
32,2006,6696.709347163996,66046.9008526846,9.862590330376955
32,2007,1574.2836519749544,4532.3687142543495,2.87900386221279
32,2012,1117.1946767036861,2665.045251803851,2.3854797264762673
32,2013,2903.9661101738166,626.9123380619276,0.21588142363837842
32,2017,3127.210680545395,-14399.405244333117,-4.604552336020359
32,2018,1025.6022993946099,26923.471200077707,26.251375621885824
33,2002,4719.041824125015,-19178.954330992914,-4.0641628207118075
33,2003,11438.994643679034,41024.31140100598,3.5863563782395174
33,2004,6166.256286088261,29332.718865087954,4.7569736813025
33,2005,9941.799805416667,-1764.4462045590917,-0.1774775432108133
33,2006,2191.434146498068,52636.436968923284,24.019173495601862
33,2007,5090.1048787558975,-47451.67369215342,-9.32233712711856
33,2009,1968.6430679862096,-16521.015970934182,-8.39208297308769
33,2012,1204.157942530379,2258.472156835196,1.8755614002672398
33,2013,2894.1809306817886,2640.4509497656545,0.9123309886309139
33,2017,4949.241249694751,-3791.056709255412,-0.7659874550445948
34,2002,6666.239129981055,-20758.790442614234,-3.1140182699496455
34,2003,7879.880281624384,41772.166004336585,5.301116833176751
34,2004,7449.038523241732,31078.783718848863,4.172187272475502
34,2005,6149.315280756418,-8192.254704594234,-1.3322222606199687
34,2006,5761.984861897246,5780.337218241853,1.0031850754183627
34,2007,3330.6663845290313,19656.76900483691,5.901752603065483
34,2009,4168.282227178366,6276.940359071799,1.5058818038146247
34,2012,1184.807133856404,1056.8886742771138,0.8920343607630625
34,2013,2886.077867130225,3374.911095022573,1.1693763129053825
34,2014,2812.8565841880045,-23015.607466573652,-8.182289703624415
34,2017,3018.6839695007657,-7015.30666700835,-2.3239619443066615
35,2002,8082.219429082703,-18607.973309726774,-2.3023345843307177
35,2003,9844.212502977287,8103.306221628809,0.8231543375539732
35,2004,5872.882635874703,71705.94277490328,12.209667248734904
35,2005,6597.462041376537,-29508.59149679274,-4.472718647220269
35,2006,6986.478822557721,40361.27062692557,5.777054744173615
35,2007,5939.628859239077,-26550.070677261567,-4.469988160280924
35,2009,2671.7107434313803,9468.966551373771,3.544158578788516
35,2012,1230.6978765568056,28441.81193509107,23.110312024478638
35,2013,2880.474102308799,-13899.0962866685,-4.82528076733198
35,2014,2818.6868418666127,-7599.914458557352,-2.696260664957189
35,2017,3245.7045458754874,-14692.246036280558,-4.526673894255373
35,2019,1702.2609810725844,-15262.29713442098,-8.965897300192065
36,2002,7514.567505206447,13295.352631409885,1.7692771569618926
36,2003,7057.707768382563,22797.17665847094,3.230110597749422
36,2004,7399.187449509976,-23342.073076134606,-3.1546805964052815
36,2005,6790.1176012691285,26951.868218629883,3.969278560594055
36,2006,5750.1484066818375,18914.88054688528,3.289459542453834
36,2007,3184.0679308477847,11493.157493655512,3.609583006162611
36,2008,1083.7702220107894,778.4881256404333,0.7183147403663238
36,2013,4711.610008445743,-14620.686751481902,-3.1031190453525985
36,2017,1005.0422463099821,3374.378870065819,3.357449781295133
36,2018,4877.923525104619,-8286.275720255711,-1.6987301415468565
37,2002,8640.867703196447,8120.165177850518,0.9397395558835706
37,2003,10394.078913902486,-29080.278871611532,-2.797773531689809
37,2004,10014.669873320847,-2680.7212532642734,-0.26767944297452423
37,2005,7024.296162660496,74464.19388847135,10.600947363851978
37,2006,7272.476271880645,32519.820744790864,4.471629680048625
37,2007,1710.143148314528,10514.696999444132,6.148430913404612
37,2012,1359.6896851914062,7915.656307675556,5.8216638648407875
37,2015,2458.9993782168312,-19093.789116604778,-7.764861303239058
37,2017,1010.1872616258624,-13872.58614902926,-13.732687666939889
37,2019,2005.341128997854,-5243.887204919214,-2.6149601826297686
38,2002,8048.033008554339,11650.065013629588,1.447566753422434
38,2003,11702.81093683865,-31771.48361198661,-2.714859172164771
38,2004,5635.492319605459,69280.45397945917,12.293593895681061
38,2005,6151.123634185729,4817.363177753141,0.7831679973037725
38,2006,7899.544123261236,-10376.944663712988,-1.3136131024519153
38,2007,1392.702115703636,16326.231308385759,11.722701591601476
38,2012,1192.167317592015,-14.941410996951163,-0.012532981550886996
38,2013,2762.634863596875,-11382.794501862634,-4.120267448968101
38,2014,1032.8979881040577,12838.385297319794,12.42948039901343
38,2017,5543.7709151590825,-12706.80418375996,-2.2920868084599286
39,2002,6028.672932585963,25594.72020117697,4.245498219489288
39,2003,11042.492664773425,6074.0901845600165,0.550065131936825
39,2004,7171.2582784497645,10057.034359313315,1.4024086107086047
39,2005,7974.055625173001,22764.240905188315,2.854788325444423
39,2006,4057.713229697605,-9757.876742688415,-2.4047723903385863
39,2007,3794.1161363611754,18098.01595291859,4.770021607792919
39,2009,2816.8083256331447,-35728.78125594556,-12.684136485543322
39,2011,1350.3160110097378,-15960.309111419134,-11.819684415564584
39,2013,5012.16333935241,-23548.53502787763,-4.698277656474018
39,2017,5566.115989569342,-8249.493980050145,-1.482091640833453
40,2002,4231.654110547854,40303.468770651336,9.524282400631611
40,2003,9941.794229145074,19944.418422676186,2.0061186102814026
40,2004,11103.230226810469,-48452.46979371237,-4.363817448071678
40,2005,4333.321012135653,74134.09978730121,17.107917825539683
40,2006,6342.311563118943,11093.74684231152,1.749164595890016
40,2007,3721.862742085621,3337.3862218824506,0.8966978239536794
40,2014,3306.503019262629,9920.454555980163,3.00028595110507
40,2017,3471.3035973426304,19856.655475454318,5.720230143700218
41,2002,8619.308844426356,-1986.0326330187672,-0.23041669220415834
41,2003,12357.077081020921,-63089.39554762415,-5.105527394056832
41,2004,8111.659064294625,207043.21179596978,25.5241511206159
41,2005,9877.739183667,-77865.29710379447,-7.882906772082623
41,2006,7072.597577411565,4803.954103344033,0.679234757917923
41,2007,3905.529459836456,19331.30329082749,4.949726660527351
41,2012,1393.1193557940423,9479.061872036546,6.804199390822276
41,2014,1054.6744530266442,-5054.908305019024,-4.792861238378097
41,2017,5779.580199612188,-19084.463793465053,-3.3020501722159037
42,2002,9454.449021144974,-14458.260715885597,-1.5292547120989861
42,2003,8429.368079129432,57141.72898786668,6.778886442193204
42,2004,10235.779189848836,-20988.668172230828,-2.050519826868285
42,2005,7528.229403157602,23137.700064226112,3.0734584223112744
42,2006,5139.955897851527,16825.14349615827,3.273402307438297
42,2007,6814.329946214362,10310.623770840786,1.513079620773097
42,2008,4915.619865472836,-16964.05847224864,-3.451051736405345
42,2012,1314.555196783942,2927.0998485061864,2.226684627368507
42,2013,2991.2409499652567,-251.79910084686708,-0.08417880908249525
42,2015,2802.316811587749,-9902.884533331351,-3.5338204775357043
42,2017,3474.9628933575004,-17168.74265602714,-4.940698126257902
43,2002,5603.99854669589,29505.648869576995,5.265106445642012
43,2003,18279.13905459977,-4960.320419900236,-0.2713651012273479
43,2004,4651.340393196093,15491.777791726374,3.3306050476089646
43,2005,10368.444529355445,58039.73439738504,5.597728206295673
43,2006,3487.2396624227404,-933.2370769356203,-0.26761483788792967
43,2007,6629.704348474392,-63726.28200092935,-9.612235878300343
43,2009,1237.5998943603772,17074.407472700637,13.796387306194076
43,2012,1187.8802438756102,5306.355949922407,4.4670798906544205
43,2013,2979.2746064352978,-2577.0506419455633,-0.8649926516941667
43,2014,1053.9120351948077,3596.039009835775,3.4120864832624043
43,2016,1033.4070177548565,-1984.405387682491,-1.9202553820407955
43,2018,3917.892701000528,-31543.40984271877,-8.051116314304219
44,2002,13465.932556948159,26604.88929139069,1.9757182934696256
44,2003,12931.680658460857,1811.3316266377806,0.14006931306741435
44,2004,4961.83536680133,17453.8291113757,3.517615523512904
44,2005,6587.21270522289,52360.519473040506,7.948812618655039
44,2006,9954.400268516067,-14567.581592429546,-1.463431366980904
44,2007,3751.1645840363635,4849.149606878287,1.2927051048398572
44,2009,1542.7675306179153,-30645.43050696241,-19.863932769370756
44,2011,6099.223746543197,-26232.458946417,-4.300950421975343
44,2013,5692.884424541175,-7820.977751175291,-1.3738163587969965
44,2017,6395.462356684642,16621.487358436425,2.598950072947169
44,2018,7128.032890751085,-29182.14530803953,-4.093997005247346
45,2002,8653.722729317378,9958.064466404787,1.1507260837776228
45,2003,16604.125771642168,18782.548833595618,1.1311976970009425
45,2004,6586.533403487236,30404.379614709585,4.6161429316690334
45,2005,6161.7312354775495,20721.587285799353,3.362948900868991
45,2006,5593.490381828335,3683.202204690315,0.6584801176481854
45,2007,3392.8708568472066,1238.7547958230425,0.3651052009017944
45,2008,3235.5289009092376,6822.367540567648,2.1085787670295413
45,2009,1650.9835253923375,-22468.581283734587,-13.609209866824797
45,2013,2735.6353023733827,-4243.354569837073,-1.5511404484931244
45,2014,4009.442887250887,2540.8725072701054,0.6337220852676315
45,2016,1280.0851968110073,-18110.932048353658,-14.148223956868058
45,2017,6263.952525702247,30167.619217751344,4.816067665578177
46,2002,6900.070996771334,62021.5687121901,8.988540660119453
46,2003,9038.106700412987,-1618.6014980347536,-0.179086345369301
46,2004,8480.385478617623,12576.939441159746,1.4830622349504208
46,2005,8062.219920989504,-7018.264370896068,-0.8705126428794678
46,2006,10406.989627184143,46859.76627388754,4.502720570748426
46,2009,4945.747606441815,38475.34460331299,7.779480002820811
46,2012,1407.1477255613718,42218.08363782521,30.002595229283838
46,2014,4116.88111451079,-2769.7179826955835,-0.6727709413160233
46,2016,1438.0784583734348,47057.70148450916,32.722624562316746
46,2017,3428.2636713689717,-14060.939510713273,-4.101475516058678
46,2020,1701.2990947367798,-7565.114706778259,-4.446669448177607
47,2002,4900.228792293463,29298.239291531994,5.9789533373643735
47,2003,12094.741233384644,51570.94180538814,4.263914441016635
47,2004,9222.701405714091,9444.251674677129,1.0240222749514336
47,2005,14145.921366505965,6897.167820075323,0.4875728940785792
47,2007,7042.839817480039,32912.524715022766,4.673189447435001
47,2009,1564.5352425111923,-30192.840336806083,-19.298280739489375
47,2013,3063.744256278558,-3481.397643893404,-1.1363212307159598
47,2014,1133.057849903009,-7562.253283657541,-6.674198748373597
47,2015,4070.9311640470987,9749.061644508765,2.3947989419739484
47,2018,1078.0168278938218,7435.169582705537,6.8970811867863135
48,2002,7067.143422978988,343.3700521992869,0.04858682379118143
48,2003,12352.442576312751,35576.201176479604,2.8800944393541337
48,2004,10973.930062651605,32367.407352033042,2.9494818326017453
48,2005,4145.717480571533,26042.23383904298,6.281719379356446
48,2006,6830.0756185347855,17137.28539505729,2.509091604864786
48,2007,7974.741505890182,19734.651756733685,2.4746446943963734
48,2009,1822.9133145320811,-8669.000837141357,-4.755574918474157
48,2013,3102.74467426911,32461.32237338362,10.462131364718331
48,2014,1233.8561743138707,9608.387224012491,7.787283010805999
48,2015,4145.6907982826815,-23395.92303003563,-5.643431738741152
48,2017,7136.261485966534,-14920.861560088466,-2.0908512936963364
48,2018,4662.598699234659,49742.12436939188,10.668326308579116
49,2002,3333.027647156705,39250.428891682444,11.776208614760721
49,2003,12693.729657311196,20040.426154568268,1.578765791898333
49,2004,4721.59272302466,18996.096115899447,4.023239027641189
49,2005,7567.47826730067,3288.398138132674,0.43454345317937065
49,2006,7526.508616685751,-9239.421804889716,-1.2275840333732635
49,2007,4585.922002601757,36228.218773692264,7.89987678663935
49,2012,1275.9534207893012,2799.0956081365584,2.1937286757733254
49,2013,2976.234553053131,-2309.3623909061425,-0.7759342718930246
49,2014,4399.8870674967475,1050.0708239433297,0.2386585855124578
49,2015,7592.41701782911,-35849.88970716574,-4.721801979920257
49,2018,7899.425943467824,-7873.529794145812,-0.9967217682009633
49,2020,11431.242898708733,-24726.84740018015,-2.1630935165390706
50,2002,4466.066532995377,56495.02211766809,12.649838890728986
50,2003,11986.35031103593,-38238.920501328306,-3.1902054844935925
50,2004,9728.285678953718,59785.81145741063,6.145564946427501
50,2005,6903.192395455757,12241.16671630193,1.7732617048831005
50,2006,11139.678982752957,33534.73485338851,3.0103861076525424
50,2007,7724.203283729468,-39552.95388048416,-5.120651597013233
50,2012,1124.5139863411314,4558.997862634453,4.054194005597223
50,2013,6341.6448168538045,-14128.34598749972,-2.227867752850439
50,2016,1870.6908461444837,10783.235074019147,5.764306323646969
50,2017,3456.3051063652965,-35490.70728397285,-10.268395350460082
51,2002,13220.007492627657,-2707.4468413540744,-0.20479919113993877
51,2003,14297.177515105635,57300.81736928219,4.00784121962123
51,2004,6857.161599684652,-43146.22670534771,-6.292140862967547
51,2005,7134.952200326021,61708.7208443289,8.64879246724445
51,2006,10658.643747518916,-6040.332276419998,-0.566707399130968
51,2007,4340.154762189864,5118.130436044768,1.17925067572069
51,2010,5476.045351920009,-26463.791307385516,-4.832646482393867
51,2012,4966.8508708035515,50255.327634812566,10.11814707991869
51,2014,4926.688668888906,-6496.730016748275,-1.3186808530796514
51,2016,2179.4416758300795,-4086.2142123311933,-1.8748903710739977
51,2017,7207.983301171364,-4977.128913892811,-0.6905022814195452
51,2019,1154.5092737941595,-3269.794739652629,-2.8321944343563663
52,2002,15062.157716564601,-21017.515361565194,-1.3953854259839007
52,2003,19166.133449609333,-22924.541482296772,-1.1960963092826657
52,2004,3767.5731874332414,116518.63053493545,30.92670659287626
52,2005,12710.913442488789,-44457.02128349588,-3.49754732298698
52,2007,3264.5935123921663,755.6376191835734,0.23146453496131336
52,2012,1146.9438842384843,24787.38474437711,21.611680471041304
52,2013,3071.196638277237,17218.911372812232,5.606580561533514
52,2014,1056.8066703775257,-12726.981837859435,-12.042866679969897
52,2015,4496.78788586508,-18089.301515152183,-4.022716208610363
52,2017,3214.690870475548,4972.690954863501,1.5468644280959722
52,2018,8823.450093632477,-39877.8875772715,-4.519534553275225
53,2002,4485.89786984137,16356.351471518574,3.6461711670883323
53,2003,16711.218598952517,79060.8082774248,4.7310019798544465
53,2004,9410.5668586299,-56347.99359644289,-5.987736386439816
53,2005,7938.4436241857475,83165.50097095093,10.476297988383244
53,2006,7060.4094762110035,-36454.357324344455,-5.163207239916038
53,2012,1758.8827627582941,7062.078999245801,4.015093642836656
53,2013,3075.8527879324683,2404.7546476307616,0.7818172108448641
53,2017,3802.9799403920188,31846.32679630007,8.37404543159838
53,2018,5423.512216106174,-33740.13629353736,-6.22108606916003
54,2002,16666.66247212747,-25145.99256286444,-1.5087599334850272
54,2003,9550.063317456224,111502.80876764713,11.675609371493389
54,2004,11056.725562192238,-21495.520945951284,-1.9441127325664875
54,2005,8570.497771821218,-3583.2048662648886,-0.4180859690607519
54,2006,7249.150696521276,17633.40204460197,2.4324783388851183
54,2007,3760.3455790420994,29061.420848750568,7.728390978404064
54,2008,6020.85921081368,-55211.14684987295,-9.169978057402794
54,2010,1644.718482919765,-12870.50503584111,-7.825354411408398
54,2011,4215.091408522538,-17606.168954728113,-4.176936452464593
54,2013,3901.1696510618494,-3847.71513071339,-0.9862978221585648
54,2017,3446.553357471392,-17187.719911135064,-4.9869298770250445
54,2018,1207.4454375878558,2584.7450186143105,2.140672313755163
54,2019,2241.092251182534,-14384.542596449988,-6.41854104348442
55,2002,14742.17622255042,-27601.819219164783,-1.872302894937829
55,2003,17632.617020760576,91493.86131186012,5.18889857382688
55,2004,11161.066258352133,28397.888887660374,2.5443706031589457
55,2005,4522.01612834644,-30643.24349411702,-6.776456037391953
55,2006,12819.261264196422,34739.7140273019,2.709962244417956
55,2008,7056.033181226463,13927.92642093281,1.973903192234123
55,2010,1621.0035712673562,-33220.83727353116,-20.49399388278828
55,2013,3116.495780045807,3196.29282823432,1.025604734875444
55,2014,1214.0628564585932,2929.7536408088345,2.413181183513752
55,2015,5597.786208109115,-1006.4808454734739,-0.17979980085974998
55,2017,3175.495006010664,8155.297968470142,2.5681973843553747
55,2018,10813.609833624796,-20113.733634033735,-1.8600387792326583
56,2002,6582.396142101381,28439.513097302406,4.320541104386237
56,2003,21228.50076022494,36543.19349612351,1.721421305671908
56,2004,5862.712394842412,-25073.78657605013,-4.276823573694016
56,2005,9469.091685788007,78243.04957567385,8.262994189094975
56,2006,7447.217753223784,-15408.857446479728,-2.069075721575279
56,2009,7902.480761028361,22852.244999688934,2.8917811622378617
56,2012,5837.987514481356,28747.022984665644,4.924132316720022
56,2014,1167.8430725655635,10706.60771033328,9.167847942799868
56,2015,1142.5076647933747,2563.3446548351203,2.2436126547113426
56,2017,13253.675327070523,-20178.03097303075,-1.5224479606662227
56,2019,12173.968031121942,-12929.316197406763,-1.0620461762634683
57,2002,19839.097658519953,10649.21225482272,0.5367790631470272
57,2003,10298.943964389618,29330.329752218764,2.8478968187062144
57,2004,10114.214403856371,51491.688176004216,5.091022013174977
57,2005,9247.638434394292,-24128.369041588623,-2.609138453321137
57,2006,8269.179473106866,35511.37830773945,4.29442587662174
57,2007,4162.847077817249,-8707.458718594571,-2.091707563555337
57,2012,1210.8143758663791,4353.154297659639,3.5952284548527995
57,2013,3530.58646287024,-1048.6748696900322,-0.29702568701220733
57,2014,1462.81703768624,7025.047781599744,4.802410418128141
57,2015,6214.946649601974,-16136.687913242728,-2.5964322500300425
57,2017,3030.881075815123,-8485.514822573168,-2.799685837324079
57,2018,16630.780202824506,-25672.119817898172,-1.5436509595345456
58,2002,18189.65035087522,20319.97334412657,1.1171173140856359
58,2003,10353.760039370798,27907.357146145776,2.6953838064651263
58,2004,9837.811785490252,1839.245092018391,0.18695672697571689
58,2005,14451.788339312421,24314.059848982928,1.6824256817298313
58,2006,8462.91021751822,-4360.241133796051,-0.5152176995533232
58,2007,9606.68400820921,16250.770348028396,1.6916107924588348
58,2012,1681.6721122853342,13127.068523217604,7.805961951392756
58,2013,3189.2873246987,1433.6708630535868,0.44952703130597654
58,2014,1081.4917753886548,2587.896879257809,2.3928955708681174
58,2015,1034.3688985530753,-9319.230761413317,-9.009581373192391
58,2016,9312.141427779512,-4357.70836906723,-0.46795985680238206
58,2018,1198.309696237673,7774.138963324425,6.487587464019402
59,2002,16658.19793958706,46034.74631061521,2.763488972670736
59,2003,14369.142137781077,-16581.99950258722,-1.1540006594400534
59,2004,21208.428349759924,41392.73917029941,1.9517117670234139
59,2006,7887.538639130187,128624.95068163256,16.30736235554174
59,2007,10421.431904153374,-21495.697330183582,-2.062643361092889
59,2008,2396.9284135966445,-54405.85793833525,-22.69815720391
59,2009,3365.204843107902,5262.634238692612,1.5638377109407573
59,2013,3371.3200080779498,-3298.9880922986777,-0.9785449273264006
59,2014,1311.5047946257982,-19811.748283226683,-15.106119599722408
59,2015,6538.349651790981,10089.307120244135,1.5430969063394275
59,2017,3619.70439233043,-31849.79288956744,-8.799003851544347
59,2018,12805.739690063347,-14528.36207046773,-1.1345195531142225
59,2020,8956.091559259861,-9364.35399636277,-1.0455848887208838
60,2002,17872.945270147233,39480.277363304194,2.208940763067584
60,2003,8878.768606597383,-7372.44010415845,-0.830344885740163
60,2004,5664.439276035759,41001.47194784536,7.238399062958995
60,2005,13904.438980790932,20900.10956218932,1.5031249798041437
60,2006,1200.9508880039211,-3425.9168010702706,-2.8526701926707636
60,2007,10047.07916673203,-6827.857513792347,-0.6795863156329855
60,2013,3351.8076676307246,18018.691478224588,5.375813073117459
60,2014,1273.4561744055827,455.89875832316466,0.35800113697353325
60,2015,11402.216680490761,-21029.592376592016,-1.8443424612841934
60,2018,1095.9249187389505,-2810.3386331328657,-2.564353255482722
60,2020,2528.9640747141093,-6101.746631861199,-2.412745476643823
61,2002,20587.910032984655,36296.186998209305,1.762985506545241
61,2003,9791.539923022938,16795.76356440797,1.7153342269397216
61,2004,6033.70690711448,-17239.72813628317,-2.85723658800122
61,2005,14602.635928923497,70116.99183213749,4.801666779437848
61,2006,2084.785479065613,14561.403296770179,6.984605103493192
61,2007,4856.143835797091,-0.3974434294505045,-8.184342204214546e-05
61,2008,14480.238405809505,-32440.223991900915,-2.2403100752046887
61,2012,1514.6767799264635,-3559.0608220145223,-2.349716367994571
61,2013,2988.262599387439,13094.427165239525,4.381953302204344
61,2014,6941.578843091556,-14264.045618139557,-2.0548705043284947
61,2015,12478.470861270092,-336.31435899459757,-0.02695156824370439
61,2017,3693.366764179722,35211.27366574097,9.533652061647123
61,2018,1318.9426677417941,2177.356738220493,1.6508350146473145
61,2019,9958.800755021395,-19250.077029404056,-1.9329713991614745
62,2002,6747.660361021,4089.752450338303,0.606099333920754
62,2003,14688.614811450389,52133.15675876735,3.549222130743559
62,2004,9213.091654935852,9073.763933022798,0.984877202232281
62,2005,14329.733900601568,19897.190034139698,1.3885247396885998
62,2006,3034.4429511575145,16302.618674608995,5.372524360159818
62,2007,4323.254981982056,-9774.859410981648,-2.2609953499666653
62,2009,4277.762473360635,28932.428770274273,6.763449104630811
62,2012,1623.7071936783032,7551.630860298988,4.65085754974807
62,2013,3036.7144902549335,6163.849653856596,2.029775823060382
62,2014,1328.266869323037,3545.8471464117756,2.669529164887586
62,2015,6875.083530087606,-2738.6807857661042,-0.3983487289690001
62,2017,3310.8482564617298,968.7176770928199,0.2925889687641797
62,2018,7066.25404755061,6401.607080328744,0.9059406918079524
62,2019,4026.264438002021,-43915.208819096384,-10.907184437415816
63,2002,15157.947395692114,-21947.881573584105,-1.4479454902859532
63,2003,18654.03642285627,91910.7033869692,4.927121471380509
63,2004,11957.94332663063,6897.408285403275,0.5768055673957393
63,2005,4021.4438662226894,-29369.004254210537,-7.303099391959588
63,2006,8939.17302850919,143363.3828559088,16.03765610070285
63,2007,12223.76239161531,-39634.26354754926,-3.242394794481258
63,2008,4258.3071080258815,-51668.187320822966,-12.133504233041553
63,2013,3677.661122665624,-13261.209783522761,-3.605881385262282
63,2014,1241.0696548168198,31366.61462507723,25.27385510018525
63,2017,18048.921008681296,-29364.042704151187,-1.6269140238370738
63,2018,1520.1329303321545,-11951.629944295855,-7.8622268525453105
63,2019,5665.687248006056,-24648.55484510321,-4.3504969064040475
64,2002,15018.629797819274,19669.17108873799,1.3096515030681413
64,2003,17051.950276381627,50886.88473339609,2.9842266666633823
64,2004,18417.928042588057,-90611.10739059834,-4.919723173045138
64,2005,3620.103064163064,134630.50355636183,37.189688019970006
64,2006,14748.427631412167,-10842.068435395777,-0.7351338533406524
64,2008,10125.087396303541,-40896.45711558999,-4.039121393709691
64,2010,4093.8055261189584,22296.976726329536,5.446515860138498
64,2013,3772.2081639971,-29421.372636544576,-7.799509294675073
64,2014,1476.0652365733404,61187.07095923828,41.45282298042802
64,2015,7676.954021220503,-14952.111145842064,-1.947661937861253
64,2016,4938.8996758583235,-38275.99935602158,-7.7499042029780965
64,2017,3699.6181309624226,2366.496545672242,0.6396596788914047
64,2020,3977.606507990975,-1153.9861360019422,-0.2901207381081046
65,2002,22117.762975791993,-3648.295211144956,-0.1649486530413602
65,2003,5078.771141000383,48035.65195006598,9.458124931497549
65,2004,18798.21681238222,71566.89616857807,3.8071109022126812
65,2005,10643.830195846327,-232.76479331136215,-0.021868518101895013
65,2006,7872.783306004305,-62527.47860353507,-7.942232902034466
65,2007,12266.548049862962,37239.77632483179,3.03588068733386
65,2009,12487.07867749891,-18885.38413219736,-1.5123941011301447
65,2012,14619.268040601048,-4058.3898102436797,-0.27760554078170013
65,2014,8283.399334120506,12414.948031003703,1.4987745405276742
65,2015,1577.205357861938,-37746.44045712083,-23.932483026997804
65,2017,10403.904612448532,-39448.795611132984,-3.791729843806095
65,2018,8131.552446532762,14734.193921049358,1.8119779732014047
66,2002,18365.84581445399,8292.385513874324,0.45151122347701433
66,2003,11530.781809746055,36189.561381052656,3.1385175765327977
66,2004,19506.74774800922,44549.113006453146,2.283779622412949
66,2005,19012.01798730041,-8162.524840592931,-0.42933500515543954
66,2006,2849.4962211045204,-8974.996900533908,-3.1496784709035426
66,2008,11213.36431934347,-23549.299892729847,-2.1001101205733974
66,2012,1827.3676347861183,27134.720141308324,14.849075590902796
66,2013,4048.0393472494325,-11335.798981950677,-2.8003183787363977
66,2014,1630.1319254535483,1181.3764247955987,0.7247121575555345
66,2015,1168.842644382792,15230.823960687208,13.030688120324232
66,2017,3811.473560321436,4332.143576993723,1.1366059631352599
66,2018,1207.7376558011747,-8696.151245548099,-7.200364420019138
67,2002,19671.450242342922,51181.52730926222,2.6018176941064395
67,2003,27959.23131579772,-76483.27877102394,-2.7355286669776513
67,2004,5897.699580621265,144029.56923735823,24.42131330504056
67,2005,2975.8132656497764,-15938.423836028494,-5.355989241666445
67,2006,23812.83615497453,-15877.989487458079,-0.6667827966447897
67,2008,11118.21578044846,-51736.04808830243,-4.653268933607225
67,2012,1066.9571145863156,23609.825029978267,22.12818557298093
67,2014,1265.9334712583805,323.8071213129442,0.25578525938734287
67,2015,1636.0148985337,-2026.613189470896,-1.2387498373561725
67,2017,10388.725421893061,-24813.876582868397,-2.3885390724232605
67,2019,12737.195082044811,-31981.96467987087,-2.5109111129933743
68,2002,22491.872211080015,61176.31047684926,2.719929666269062
68,2003,17864.461432009353,31174.219527943642,1.7450411055821702
68,2004,28883.67298223509,9182.733658325858,0.3179212582822725
68,2006,9924.699692347378,23874.527702550462,2.4055667619806527
68,2007,29568.174790614226,-1404.9349232258392,-0.04751510477649791
68,2009,5754.18010685232,-2763.4515702091157,-0.48025114245525286
68,2010,2973.846867692715,-23885.609828021144,-8.031889633427225
68,2013,3894.4260462476523,-10515.802591323329,-2.7002188426342024
68,2014,1316.8242824542685,16052.07221397257,12.18998800967967
68,2015,9122.491058915446,2021.1679502654588,0.2215587756910064
68,2017,3652.257512732758,-8390.625337121193,-2.2973805400821825
68,2018,1404.417073635268,18572.212064138905,13.224142893724299
68,2019,5752.300719453604,-18607.96542096528,-3.234873545125228
68,2020,11608.644595156948,-41792.73978762014,-3.6001394861425773
69,2002,40125.642497922934,-811.6743290879822,-0.020228319811452185
69,2004,20169.52388805896,46857.134577971185,2.3231651296296683
69,2005,4214.710622282582,-36617.70607167302,-8.688071223224759
69,2006,18612.464473957312,57561.84340776008,3.0926502768239534
69,2008,20860.752515626955,-85536.56917389564,-4.1003587531091945
69,2010,4376.116029248049,-10944.926915887452,-2.5010595794847164
69,2014,1577.8168885823106,21889.19145255501,13.873087308770499
69,2015,1640.4315933523467,8737.960975318449,5.326623195217644
69,2016,14597.454372962588,-42810.59019122098,-2.932743552226118
69,2018,1325.4402962038876,3508.603616106673,2.647123092722811
69,2019,5852.358867268893,-9408.273297065927,-1.6076036194028656
70,2002,24656.412948012236,15986.266800997691,0.6483614155353641
70,2003,23671.958417806192,45563.76626616111,1.924799184840058
70,2004,6070.391715793579,54075.656869772065,8.908100070227968
70,2005,10970.511157437984,-41234.51962194819,-3.7586689471612513
70,2006,20831.220568863733,38451.207524864876,1.8458451533242177
70,2008,14609.290726336592,-37237.28168744891,-2.5488767651341333
70,2011,2387.9283662651433,-54397.28904818214,-22.78011761854591
70,2013,4027.8653605058207,-18114.23459418473,-4.497229418788204
70,2014,1637.1807087524794,4943.344145619369,3.019424868123546
70,2015,1264.57200714777,-17458.905288408452,-13.80617725975672
70,2017,3885.69879358029,-30240.551608627255,-7.782525927791628
70,2018,1377.611675838998,19288.020410371944,14.001057590213211
71,2002,22525.484743739595,17938.277020142967,0.7963547610281049
71,2003,38788.41784537234,-19429.71249469972,-0.5009153137453319
71,2005,10872.712581857748,-96756.86596273084,-8.899054880212665
71,2006,10510.211657902051,144695.22019852424,13.767108114300996
71,2007,14209.77490585274,25562.862691292015,1.7989632390843258
71,2009,15889.437523398257,-52538.29708461161,-3.306491938889936
71,2012,9317.792527300655,-14123.042010647245,-1.5157068553809774
71,2014,1306.7577099031769,4850.0527246153215,3.711516440928198
71,2015,25840.40358549374,-23921.57390389708,-0.9257430451793001
71,2017,4242.7900424004765,14252.421305889555,3.3592096623819385
71,2018,1570.411480928131,5473.335207956785,3.485287311273337
71,2019,6705.503184412431,-21494.18912369624,-3.2054550616964126
72,2002,35311.161019077816,13398.776337648975,0.379448762118298
72,2003,1640.0075137623935,-2483.7720798361697,-1.514488231909419
72,2004,21989.181276041258,85111.54630655982,3.870610062198849
72,2005,2186.8529811460758,27512.05171679979,12.580659035607141
72,2006,9727.590662875737,-28238.468657901743,-2.902925260380323
72,2007,6353.197093902039,22018.343311451492,3.465710725799025
72,2008,5566.327540804341,-13719.52554558817,-2.464735581048054
72,2010,13458.175630995072,-7484.781609937549,-0.5561512804677329
72,2012,2797.1814070207765,569.5878308658721,0.20362920668507123
72,2014,1484.4827154832892,-1774.1218822625233,-1.1951111749286611
72,2015,1320.8569955194253,2764.75464810431,2.0931521409833422
72,2017,4192.484024026664,-16880.698300211923,-4.026419231050256
72,2018,10113.700101682509,-29215.05207823729,-2.888661101724491
73,2002,22160.994777678337,56161.80707097505,2.534263810555293
73,2003,21602.792403740692,-17163.918896261603,-0.7945231605007479
73,2004,13643.759403148724,43716.60887552,3.2041468618562
73,2005,12350.636618990102,66100.65342346637,5.352003743825746
73,2006,20363.86388945562,-72641.11836062395,-3.5671579202725576
73,2010,14595.016010035994,20771.208852894662,1.4231713647050284
73,2013,3610.0492433901527,-11546.796691335621,-3.1985150098651194
73,2014,1360.0528499411303,24285.061600716377,17.85596905426694
73,2015,1443.1444511243026,-6678.839247382886,-4.627976944497579
73,2017,12818.19330150541,-51346.85861222155,-4.005779707362597
73,2019,26226.72189462633,-57900.70441623463,-2.207698874791442
74,2002,26401.429989671626,35871.00284932228,1.3586765134826104
74,2003,17145.500639443286,53678.711169512535,3.130775373570864
74,2004,13785.589171363099,-3573.136465709191,-0.2591935985682565
74,2005,12475.230918176763,26130.62370667403,2.094600402835107
74,2006,13134.684460845485,-5268.418401956325,-0.40110734427320954
74,2007,6135.090471503325,49029.41425688338,7.991636714180248
74,2008,7031.10013014765,-49866.495906683325,-7.092275032874002
74,2010,15536.494478266279,-18919.13159613422,-1.2177220300628209
74,2012,2249.5055031746742,4129.1731134572765,1.8355914700496938
74,2013,4593.58678267448,-14614.397087968071,-3.1814783913713875
74,2014,1923.0042024967843,27855.070609420014,14.4851844698278
74,2015,2044.5078897521016,-7937.644289211137,-3.882422918981048
74,2017,13668.326482216537,-61152.24054537871,-4.474010817998979
74,2018,1537.8738276080112,17258.858168976323,11.22254495729375
74,2019,7880.405613298935,18296.185313116526,2.3217314197939216
75,2002,25488.265171460225,45385.85767488941,1.7806569952712576
75,2003,30958.669289485784,10691.348657400871,0.34534264239296225
75,2004,8918.451955057913,22074.808097608562,2.47518383334333
75,2005,22899.564308465633,40686.367421824194,1.7767310711140054
75,2006,10751.15811054426,-8195.317526520987,-0.7622729981510905
75,2007,6085.792139225465,5716.637649578275,0.9393415875531083
75,2012,2558.488111055398,11009.858602015127,4.303267447067975
75,2013,4879.5623095613555,7950.610259144625,1.6293695529956946
75,2014,1786.3966026601847,-10201.468883837515,-5.710640553528906
75,2015,21961.823432862293,13758.662701838766,0.6264808905280227
75,2017,4212.347680209146,-2655.122288304323,-0.6303188838800917
75,2018,1469.4010701710358,21637.231881349056,14.725204929128383
75,2019,8420.4181867913,-10566.65041761304,-1.2548842804729616
76,2002,25748.373533191392,50355.24921366846,1.955667186075157
76,2003,19010.650718539604,43211.38702288101,2.2730093599973578
76,2004,14221.118563360185,-17903.512647329073,-1.258938427913564
76,2005,11701.891208276444,45967.77926768968,3.9282350561572357
76,2006,21981.639697879087,-30402.93631875713,-1.3831059346173604
76,2008,7034.867050111643,17116.398502352356,2.4330805941927105
76,2010,6337.4168454433675,5119.969268403016,0.8078952976060424
76,2012,1711.3194148473558,-3405.50910990627,-1.9899903433340238
76,2013,3994.698500421131,-16802.53820277372,-4.206209354974439
76,2014,1441.059444780578,19823.702116132423,13.756338912966125
76,2015,1615.3376479069702,-7985.783816036885,-4.94372419684779
76,2017,4049.866256257461,-31028.528011422255,-7.661617951822478
76,2018,11955.751674185041,12836.892895124503,1.0737001942623172
77,2002,35284.71796281135,-29773.30334891085,-0.8438016531771826
77,2003,18552.457422260486,171778.2755936582,9.259057799402202
77,2004,7520.217984080024,-37710.584322819195,-5.014560003799208
77,2005,11668.120419214538,19767.961609868566,1.6941856014200516
77,2006,12647.73312928708,4191.723005447828,0.3314208927876156
77,2007,6946.405474631407,27362.603202607017,3.9391025045307972
77,2008,7296.874291827728,-51214.29138072353,-7.018661598443863
77,2011,2372.6480361031718,-52133.54995116859,-21.97272800595934
77,2013,4699.762540174124,45261.11320955289,9.630510652965029
77,2014,2166.457418402715,-11847.3129905815,-5.468518739369585
77,2015,1440.8029014503118,14441.957906041353,10.02354860023122
77,2017,4038.231345036358,19400.615824250563,4.80423585639715
77,2018,1763.0369875950855,-17208.968212756154,-9.760979680993803
78,2002,35759.913210995845,-18762.558242842235,-0.5246813137419171
78,2003,39490.03780034365,133611.62864088247,3.3834262027401696
78,2005,11139.809296509717,-48971.949858103006,-4.396121024571463
78,2006,31398.155521777633,104073.42668322189,3.3146350463496805
78,2011,12738.471555475087,-26935.543593789742,-2.1145035710514777
78,2013,3619.3212111791945,44291.93959946203,12.237637118986594
78,2014,1530.4138610346708,16741.870489240333,10.939439922428312
78,2015,2051.877709531691,-20869.447550618846,-10.170902219792607
78,2017,4603.075226342189,-26918.72860615881,-5.847987982492661
78,2018,1425.3111440314096,-13060.536885140638,-9.163288268552837
78,2020,16469.22946440964,-63006.56603908667,-3.82571426157157
79,2002,35590.85710605822,-59430.55996553032,-1.669826601490138
79,2003,28091.360586744442,172800.7492285757,6.151384113096883
79,2004,6368.551413701556,-42465.271458397154,-6.667963984248549
79,2005,12155.055722245015,86833.63159342803,7.143828344160814
79,2006,1462.275230304629,6453.669811479922,4.413443979445278
79,2007,30210.550313680782,-46765.31313180062,-1.5479795186194623
79,2010,17404.983529267425,-7224.629763057805,-0.41508972133809824
79,2012,1656.7960420981399,6124.079424244002,3.696338757840444
79,2013,4270.876652780222,-13794.01765312883,-3.229786007551707
79,2014,2056.8546674259705,23345.05788793182,11.34988205906971
79,2015,13116.750995584007,-19471.366467725602,-1.4844656633552769
79,2017,15920.954933391244,-4068.9068381412653,-0.25556927050948997
79,2019,9368.572176487593,35744.09825726738,3.8153197289737206
80,2002,57560.79630308063,16209.687797241902,0.28160986015362627
80,2004,13525.825556920783,99979.6794376077,7.391761709247457
80,2005,11096.184121366998,-28241.56290914648,-2.545159903643276
80,2006,13379.597711599723,17483.528758476838,1.3067305262339184
80,2007,7022.440816558315,14596.908521290286,2.0786089769346328
80,2008,7661.914565263432,-16274.04978940339,-2.124018696734692
80,2011,3177.996256674989,5216.036607230548,1.6412972785209883
80,2013,4377.679329197446,11366.190899531299,2.5963964111585685
80,2014,1899.4480573228211,-6967.881895230734,-3.6683719085488558
80,2015,2188.1125196506036,19717.190867545956,9.011049793131471
80,2017,4425.983386411099,-18582.86894908466,-4.198585337247044
80,2018,13099.687584408093,-26305.701355894387,-2.008116696401581
80,2019,10201.264004564378,-35916.11912080151,-3.520751850430639
81,2002,63082.47280568327,7326.149088259437,0.11613604797685427
81,2004,5322.551618786121,59366.26278023969,11.153722318202515
81,2005,14263.106444366567,-25004.744035159587,-1.7531064591497594
81,2006,10876.757847462024,74706.20287654945,6.868425676497096
81,2007,6566.16749410436,-7463.291582512087,-1.1366282674350354
81,2008,9310.191727810772,-66196.85652056173,-7.110149657049809
81,2012,13636.869530249562,36754.31554682547,2.6952164839075676
81,2014,2083.7345509212464,10724.038809714955,5.146547483686786
81,2015,13681.06544081663,44133.899234333076,3.2259109807824076
81,2017,17198.303701289988,-501.18295566074084,-0.029141417919207276
81,2019,10592.713168732414,-3391.8089689647313,-0.32020209694497137
82,2002,42351.108729397296,68238.46586903877,1.6112557124548716
82,2003,8452.256757161056,-10544.417883314483,-1.247526925206203
82,2004,43524.36708875268,67903.59946823376,1.560128360505925
82,2005,2446.704279383528,-27705.432112193084,-11.323572017119186
82,2007,6954.594613336143,4008.1434139171033,0.5763302732600805
82,2008,9427.850883014558,29323.04063095333,3.1102571513707775
82,2010,8151.6774466529605,12529.96674255107,1.5371028631285963
82,2012,1639.3344980030088,46276.48387323873,28.22882329970573
82,2013,4269.4069984132075,-25555.777654370177,-5.985790922221373
82,2014,1993.3783117865678,26011.56353660178,13.04898492313227
82,2015,2023.9104650611407,4254.487287248718,2.1021124010642405
82,2016,25312.06590777659,-32063.90096860536,-1.2667437373712913
82,2018,2000.1128482227214,27919.275836519897,13.95885030253601
82,2019,10735.046122556087,2808.181160334905,0.26159004146563075
83,2002,32378.464230383455,87033.57796405046,2.6880082188203196
83,2003,24596.622865967744,-102538.76883890259,-4.168814938443308
83,2004,38959.70757542725,217389.72790958267,5.579860359288096
83,2006,39251.91482907912,86888.28457300772,2.213606264849989
83,2010,7352.773859906883,-38966.25975339365,-5.299531917589415
83,2012,2310.5035656073596,12197.489580366528,5.279147698333106
83,2013,4618.085472222476,5266.232326764613,1.1403496878610637
83,2014,2150.457090228854,-3118.420557213947,-1.4501198705071958
83,2015,15186.401382597978,26327.28086050047,1.7336089174271905
83,2017,4802.685903759149,47065.70917203033,9.799872428715595
83,2018,1717.494116473128,-8181.701175213675,-4.763743349534605
84,2002,34771.90498622507,15880.332955052087,0.4567001135354275
84,2003,22381.66791164386,12451.180300756183,0.5563115470173949
84,2004,18818.096551851428,116247.22066206957,6.1774165278492275
84,2006,12247.816659598844,3041.0787457908737,0.24829558037248403
84,2007,8456.976428649214,20241.90696545568,2.393515831128881
84,2009,13000.215392167622,-15474.235685641645,-1.1903061002331217
84,2012,2210.9875737611437,27487.289775744313,12.432132184707523
84,2013,5279.7448364952,31110.671176379255,5.892457332659876
84,2014,2145.286631975672,-17284.43277970259,-8.056933988249734
84,2015,2885.4086063578143,12043.56179836276,4.17395365489156
84,2016,28505.137430698844,1429.3221180203254,0.050142614519760396
84,2018,2107.8739536224166,40927.636941168574,19.416548542114555
85,2002,45539.57069114596,43369.11782171618,0.9523391890505509
85,2003,11137.101838858856,76883.57199844485,6.903373347111513
85,2004,46091.39662717737,-17198.63925662113,-0.3731420723858064
85,2006,13171.618397352344,-2132.601484983461,-0.16190884222793306
85,2007,8584.782691452827,65181.920440810965,7.592728061213166
85,2009,11946.307041125197,-8839.747584244353,-0.7399565031949619
85,2012,17540.72768286534,54132.515708771534,3.0861043331543696
85,2014,2214.4927264828584,-3691.907453183725,-1.667157181883073
85,2015,2354.0827235745965,2735.084633469698,1.1618472902755783
85,2017,4858.250183471013,1174.912744492991,0.24183866621162062
85,2018,16938.60175110784,-29877.00251220097,-1.7638411334776742
86,2002,35856.582687848306,54592.3311112317,1.522519075130182
86,2003,26217.530660234042,32826.814629451255,1.2520940684639676
86,2004,33853.22308455303,58607.64894308802,1.731228036890533
86,2005,4079.8021311167977,58446.83463709662,14.32589933499973
86,2006,14884.0065765584,-11498.08415557805,-0.7725127032453065
86,2007,7936.102167130273,-11675.8251257448,-1.4712291852924602
86,2009,13104.142042099673,-4665.442923412658,-0.3560281099231061
86,2012,2048.2223210585653,6248.200133259874,3.0505478184763994
86,2013,4851.096683836367,1998.3635303321644,0.4119405694367256
86,2014,2213.4181985527393,-43490.40323226561,-19.648525190902536
86,2015,1747.0185917910421,48687.36517748848,27.86883059302433
86,2016,15892.898781160358,-158.91058909305139,-0.009998842330854456
86,2017,4662.12091635121,-11792.982450174517,-2.5295316577512206
86,2019,14824.16342789121,-35124.29842480767,-2.369394981083545
87,2002,33243.56870263809,97581.99495684134,2.9353646063004537
87,2003,21211.160880562034,-48004.68885785702,-2.263180649478202
87,2004,20454.971669262624,149970.7108315291,7.33174864558174
87,2005,13845.223519087827,-34354.13850249804,-2.481298944371352
87,2006,13055.401315159572,-81979.46833469602,-6.279352610900113
87,2007,7607.455424709886,177201.85326726164,23.293183249117668
87,2009,13276.315507480816,-18002.94514991698,-1.3560196833054206
87,2012,2918.5272278844495,4385.381213396147,1.5026007540710782
87,2013,4793.285120899556,-38207.7616531885,-7.971101382347571
87,2014,2250.151615152252,19855.927750817675,8.82426215954082
87,2015,1741.620570498053,26676.143081026792,15.316851174649475
87,2017,3545.1390163954347,1939.3398905100767,0.5470419866586572
87,2018,1810.0524877801654,-62344.11659035372,-34.443264497159454
87,2019,30089.879253947,-6997.840022839606,-0.23256457640725406
88,2002,57578.23177753412,65236.57137028477,1.1330075508803448
88,2003,13832.547003710875,-9528.231233815779,-0.688826955097975
88,2004,37301.98804867291,-58256.266074154235,-1.5617469502735208
88,2005,19074.119246139657,193954.7706802669,10.16847845907856
88,2007,9121.063884699717,30007.58216804522,3.2899212797294344
88,2009,33449.886310780304,-45199.473193448386,-1.3512593966240596
88,2012,3395.305289038224,-37853.24807353446,-11.148702355497761
88,2013,23493.96966489614,85182.1849401124,3.6257042192145423
88,2015,4165.160574894748,33304.07812783524,7.995868953666167
88,2016,1059.9093232811429,864.1496998900548,0.8153053104721464
88,2017,41254.01739941689,-61263.33296018798,-1.4850270791094862
89,2002,40362.23484010459,100073.07313812413,2.479373937904198
89,2003,33886.55896447896,56012.077439126035,1.6529290418020843
89,2004,6307.296465494321,-48111.723889570974,-7.627947116926954
89,2005,37558.03048797784,111228.22603000276,2.961503161503807
89,2006,16244.050637256936,-68202.37941127649,-4.198606673562644
89,2012,3114.734296755516,4712.857739331666,1.5130849986918133
89,2013,6226.423103113775,4685.858791815932,0.7525763531027274
89,2014,2896.0969179326203,4124.750289594755,1.4242445631064062
89,2015,3564.811742543592,3942.274268299225,1.1058856828962034
89,2016,1145.6017688635038,-2505.6514802200254,-2.18719239819764
89,2017,5353.352711597923,-34930.27575430862,-6.524934491731309
89,2018,2641.4102151247207,83896.73170753283,31.762098604427273
89,2020,12355.02362467302,-54246.55643740157,-4.390647730456057
90,2002,49632.327963022515,66795.36586544529,1.345803604360644
90,2003,28710.871934035735,51678.1755655068,1.7999514498981177
90,2004,56735.235137993004,47391.422523903544,0.8353084711579465
90,2006,15742.251262372825,65633.3820066877,4.169250059142735
90,2007,8627.839309012517,63187.63964364503,7.323692222413105
90,2008,17245.63407414942,-37430.629223090946,-2.1704408815677065
90,2010,14054.791573314695,-53541.228503006394,-3.809464425261426
90,2012,3397.7866173069924,65199.48702008318,19.18881153041882
90,2013,25111.140826756833,4353.352808270138,0.17336340225655866
90,2015,2860.6179536002455,5600.001711426536,1.9576195780980206
90,2016,22333.42741457757,-44255.293975399574,-1.9815719797003961
90,2018,2258.319926110329,69694.53418808477,30.861231565239212
90,2019,18817.711971138022,-33770.66604190844,-1.7946212639296826
90,2020,13768.258294649539,-78339.82251976914,-5.689886174652363
91,2002,47650.92414348811,20727.86687756353,0.43499401638354507
91,2003,46750.74260139704,174987.38203295547,3.7429861494376855
91,2004,4957.628850566922,-55902.53977844911,-11.276063913509068
91,2005,20666.14561246999,-28724.48771822208,-1.389929610332837
91,2006,17569.108007383766,88098.42224600317,5.014393571317227
91,2007,7343.181684079464,15350.696417028434,2.0904693738287623
91,2008,17288.487999533187,-25229.7574669522,-1.4593385764928337
91,2012,3696.653733046958,11705.55195644009,3.166526486318159
91,2013,6426.7955298207235,439.98070536064915,0.06846035529201323
91,2014,3072.01674741006,3640.3934354227968,1.1850174444823327
91,2015,3355.9589067921042,-3478.837416272261,-1.0366150220825003
91,2016,42819.19703511952,-66355.29558938753,-1.5496623053198344
92,2002,53059.11764730024,142961.11140274652,2.6943740820013558
92,2003,34587.97085545992,1795.1257853492862,0.05190029194979256
92,2004,22421.273278992274,-14790.710536337458,-0.6596730860149539
92,2005,64380.28978694172,-15794.51504680008,-0.24533153080034267
92,2008,18608.39198627218,-4653.781713166041,-0.2500904815740789
92,2012,3004.355980880442,-58692.612793225446,-19.53583835162745
92,2013,5645.6484857691685,93987.8540342371,16.647840238574844
92,2014,25262.59982118511,-21307.466783130192,-0.8434391920843333
92,2016,22771.678801045404,-46835.93936989806,-2.056762691020739
92,2018,2403.8460659661796,-1574.1727160434239,-0.6548558738143307
92,2019,21746.38138999988,-42820.69688298355,-1.9690952768203884
93,2002,53000.08268641832,49253.37024918676,0.9293074227940462
93,2003,36917.885761273326,8338.492533981393,0.22586592818184698
93,2004,47769.468802457675,192503.69944863836,4.029848023738842
93,2006,42378.494963278645,313169.9428534074,7.389831638069546
93,2009,22275.29188926518,-40493.30396333977,-1.8178573894627232
93,2012,3328.721645865822,8513.519125034101,2.5575941850252484
93,2013,6145.839214203763,3059.4829243062995,0.49781369438293666
93,2014,3903.776908316533,5112.125324074994,1.3095331634305787
93,2015,3903.403229685151,-24397.158503503073,-6.250227575251289
93,2016,48353.29786743282,-36243.72868502303,-0.7495606356445463
93,2019,21911.28694424464,-28929.182107861037,-1.3202867627754638
94,2002,67531.15876900905,-3901.1766573520727,-0.05776854312090339
94,2003,34337.498228515615,284756.45896052395,8.292871456897451
94,2004,29087.71788348339,-149638.56150304037,-5.144389879688989
94,2005,27753.23827683099,153127.84417830652,5.517476650864955
94,2006,20695.43905380019,-58787.88055031572,-2.84062011912334
94,2007,12679.76201540837,74434.75430372194,5.87035893996033
94,2008,24265.46395914408,-46276.661580008804,-1.9070998048059218
94,2012,2267.8294174529146,-4156.765888823313,-1.8329270521113243
94,2013,5416.467131969635,-97260.6546382946,-17.956474629788232
94,2014,2725.8980006054044,140820.4350895466,51.66019970603129
94,2015,3700.2356196950423,-19640.625820641173,-5.307939233950694
94,2017,6687.444718863815,13170.040712773683,1.9693681617470253
94,2018,3742.146070959745,-27312.000836019288,-7.298486033981726
95,2002,60048.85343722429,108512.09331475385,1.807063534163788
95,2003,40470.5381006503,90354.05541835306,2.2325884373872755
95,2004,31911.519236970693,-119801.43516915955,-3.7541752330727363
95,2005,25132.65649326332,258520.36336481106,10.28623311006165
95,2006,17727.407731299987,-47428.88847563614,-2.6754553849345055
95,2007,11138.602196537424,-61444.5972976106,-5.516365178811344
95,2008,24094.14355758729,106048.20685623446,4.40141010211752
95,2012,4067.6993359215558,9483.22426219692,2.33134838124619
95,2013,7730.809444450075,-7314.871831876808,-0.9461974046104749
95,2014,3511.179750741576,19233.41890052578,5.477765385398911
95,2015,3939.44930402888,-12393.668539105798,-3.1460408759241494
95,2016,1346.8842635359615,-15898.449895363883,-11.803872333934502
95,2017,5664.41763677157,94500.49617668125,16.683179496373032
95,2018,31740.154407230555,-112216.71435843257,-3.535481047718819
95,2020,19726.328958643717,-74825.49450856261,-3.7931788862202587
96,2002,77500.6223405666,102382.98425495566,1.3210601562016715
96,2003,39028.38238941657,57691.317571423366,1.478188795932974
96,2004,33397.54882804642,100123.05913418194,2.9979163934959536
96,2005,57892.057079383754,-85862.92357227614,-1.4831555122413025
96,2007,11376.29632790864,51428.64025580033,4.520683953145119
96,2012,34999.91090382647,-68093.25778700074,-1.945526603599332
96,2014,3610.033416655846,6098.671235700604,1.6893669758187744
96,2015,5622.978952110279,-62952.231334349024,-11.195530317737242
96,2016,34508.29522292467,77025.87337627553,2.2320973226491185
96,2017,8039.8423551636515,-105468.62001459615,-13.118244780864154
96,2018,4314.297525524278,85017.54624659033,19.70599981656548
97,2002,79925.64268222952,79350.48094936926,0.9928037897030494
97,2003,38941.02016032988,132321.22938082798,3.3979908291058765
97,2004,36773.05795109959,103457.42610681243,2.813402851739689
97,2005,35320.881971294875,39103.065043923794,1.1070806520545744
97,2006,26626.91335918568,-15967.520319397096,-0.5996759783607687
97,2007,12854.098521052743,-6524.669250720181,-0.5075944641340601
97,2012,5705.885924514965,6445.042943883804,1.129542901689131
97,2013,9718.509396939771,-2546.6830605408177,-0.2620446157455725
97,2014,5061.628460962209,29182.92911036336,5.765521775340998
97,2015,7374.588449430536,-4262.287506207125,-0.5779695416815102
97,2016,38048.360165714985,-54171.687519085826,-1.4237587975709771
97,2018,2528.247091210098,-8042.859983509057,-3.1812001332747477
98,2002,136422.30473622377,51107.42334638245,0.37462659383449093
98,2003,9679.508071546908,-45551.76267868129,-4.705999761762845
98,2004,45246.83393384144,301395.2380545561,6.661134312629413
98,2005,74034.36580969556,-63521.66232661996,-0.8580023835133757
98,2007,60179.25050314027,-38604.27034944459,-0.6414880548808122
98,2009,42246.98697152268,-65782.63291263825,-1.5570964375987377
98,2012,6512.087407682673,-4348.396207611309,-0.6677422975743943
98,2013,11177.364520112285,35079.29948021076,3.1384231423328726
98,2014,5546.646149933105,-5528.291554572759,-0.9966908660000661
98,2015,5311.408014386194,-39426.887307079276,-7.423057539599618
98,2016,46874.36349310819,31026.768540675286,0.6619133835329213
98,2018,4432.463597081369,5742.660703077912,1.2955911712076473
98,2020,27018.194624272175,-96872.26956462441,-3.585445693606702
99,2002,110402.45230424951,185059.33051568095,1.6762248179568544
99,2003,19211.523123931373,93864.04059292574,4.8858198273723215
99,2004,59823.77802401688,130470.0720583006,2.180906595466472
99,2005,50255.211923703086,106277.4994791653,2.1147557718095915
99,2006,32633.843381996732,32751.74431997328,1.0036128425511042
99,2007,19712.81942594587,7609.731889654184,0.38602960465606
99,2009,52345.36183029157,-78791.79337631701,-1.5052297017597698
99,2012,57993.498291636584,-57204.51043721195,-0.9863952360580667
99,2014,6226.743610018864,49060.66492876364,7.879024414916453
99,2015,5586.820730841486,4394.5749655528925,0.7865967385158934
99,2016,112130.17065582331,-200095.3997010335,-1.7844920642742448
99,2018,4324.247247881023,-5112.8665152578615,-1.1823714561565088
99,2019,162677.04928859137,-297426.22128781246,-1.8283231874963146
